trial_id,condition,sir_db,sir_band,same_gender,target_live,interferer_live,sisdr_yt_st,sisdr_yt_si,sisdr_yi_st,sisdr_yi_si,sel_t,sel_i,rel_movement,level_yt_db,level_yi_db
sir0_val-42-000000,interferer_only,nan,>= +5,0.0,False,True,nan,17.073699951171875,nan,17.198963165283203,nan,0.12526321411132812,0.0033191251568496227,-2.7947468757629395,-2.7303686141967773
sir0_val-42-000001,target_only,nan,>= +5,nan,True,False,10.789043426513672,nan,-10.892487525939941,nan,21.681529998779297,nan,0.9538552761077881,-5.243680477142334,-27.745798110961914
sir0_val-42-000002,both,-1.17,-5..0,0.0,True,True,-2.0598304271698,-2.3478891849517822,-9.61592960357666,2.3606619834899902,7.556098937988281,4.708551406860352,0.6768150329589844,-6.92172908782959,-6.561364650726318
sir0_val-42-000003,interferer_only,nan,>= +5,1.0,False,True,nan,-2.156741142272949,nan,2.029245376586914,nan,4.185986518859863,5.867290496826172,-18.30976676940918,-8.597186088562012
sir0_val-42-000004,both,1.36,0..+5,0.0,True,True,-4.447310924530029,1.9275174140930176,-4.571660041809082,4.079921722412109,0.12434911727905273,2.152404308319092,0.1255141943693161,-3.3555400371551514,-2.662477970123291
sir0_val-42-000005,both,-9.17,< -5,0.0,True,True,-11.085365295410156,-4.886643409729004,-11.945613861083984,10.655998229980469,0.8602485656738281,15.542641639709473,19.684843063354492,-16.57375717163086,-2.817869186401367
sir0_val-42-000006,interferer_only,nan,>= +5,1.0,False,True,nan,13.452354431152344,nan,13.601543426513672,nan,0.14918899536132812,0.010331430472433567,-2.8349623680114746,-2.4304065704345703
sir0_val-42-000007,target_only,nan,>= +5,nan,True,False,18.56865882873535,nan,17.87674903869629,nan,0.6919097900390625,nan,0.003754513571038842,-2.5449466705322266,-2.853576183319092
sir0_val-42-000008,both,-9.09,< -5,1.0,True,True,6.773437976837158,-7.758383750915527,5.524432182312012,-6.67924690246582,1.2490057945251465,1.079136848449707,0.021798737347126007,-3.1357016563415527,-3.1155238151550293
sir0_val-42-000009,interferer_only,nan,>= +5,0.0,False,False,nan,nan,nan,nan,nan,nan,0.17966951429843903,-26.247339248657227,-27.306427001953125
sir0_val-42-000010,both,-7.16,< -5,0.0,True,True,-0.10329752415418625,-7.399158954620361,-12.293724060058594,8.609770774841309,12.19042682647705,16.008930206298828,1.6974092721939087,-7.016472339630127,-3.6314666271209717
sir0_val-42-000011,both,-7.84,< -5,0.0,True,False,-31.4407901763916,nan,-24.632396697998047,nan,-6.808393478393555,nan,0.186773881316185,-31.74481201171875,-31.505325317382812
sir0_val-42-000012,both,-3.68,-5..0,0.0,True,True,-44.49699020385742,7.72734260559082,-42.33368682861328,21.82809829711914,-2.1633033752441406,14.10075569152832,0.6219244599342346,-6.831198215484619,-2.59639310836792
sir0_val-42-000013,interferer_only,nan,>= +5,0.0,False,True,nan,0.683998703956604,nan,16.71076011657715,nan,16.026762008666992,2.402340888977051,-9.757859230041504,-3.1433801651000977
sir0_val-42-000014,both,3.65,0..+5,0.0,True,True,10.451921463012695,-14.795686721801758,-9.981929779052734,-6.884200096130371,20.43385124206543,7.911486625671387,0.9614254236221313,-3.1904478073120117,-27.96216583251953
sir0_val-42-000015,both,-2.22,-5..0,1.0,True,True,-7.75944709777832,3.6281535625457764,-11.569536209106445,10.679856300354004,3.810089111328125,7.051702499389648,0.2821314036846161,-4.454811096191406,-2.7741546630859375
sir0_val-42-000016,target_only,nan,>= +5,nan,True,False,13.341842651367188,nan,-1.3280143737792969,nan,14.669857025146484,nan,0.7663373947143555,-2.909818172454834,-16.383832931518555
sir0_val-42-000017,target_only,nan,>= +5,nan,True,False,17.774967193603516,nan,17.19173240661621,nan,0.5832347869873047,nan,0.004276688676327467,-2.7020063400268555,-2.9948954582214355
sir0_val-42-000018,interferer_only,nan,>= +5,1.0,False,True,nan,-27.569217681884766,nan,-24.75754737854004,nan,2.8116703033447266,0.3231557607650757,-22.232744216918945,-20.918855667114258
sir0_val-42-000019,both,-8.71,< -5,1.0,True,False,12.8011474609375,nan,8.61754322052002,nan,4.1836042404174805,nan,0.11334581673145294,-3.255305051803589,-4.8320088386535645
sir0_val-42-000020,target_only,nan,>= +5,nan,True,False,11.076488494873047,nan,-12.399759292602539,nan,23.476247787475586,nan,0.9865921139717102,-2.973886489868164,-33.754146575927734
sir0_val-42-000021,both,9.78,>= +5,1.0,True,True,12.071255683898926,-49.68450927734375,1.0731191635131836,-45.229637145996094,10.998136520385742,4.454872131347656,0.5594149231910706,-3.5648107528686523,-11.002373695373535
sir0_val-42-000022,target_only,nan,>= +5,nan,True,False,19.099342346191406,nan,18.5625,nan,0.5368423461914062,nan,0.0020064827986061573,-2.616117477416992,-2.573855400085449
sir0_val-42-000023,both,-1.54,-5..0,1.0,True,False,23.576637268066406,nan,11.01144790649414,nan,12.565189361572266,nan,0.08854341506958008,-2.602783679962158,-3.999760627746582
sir0_val-42-000024,both,3.18,0..+5,0.0,True,True,2.1806793212890625,-4.363560199737549,0.5978379249572754,-1.9828158617019653,1.582841396331787,2.380744457244873,0.3569634258747101,-6.79078483581543,-4.8028059005737305
sir0_val-42-000025,interferer_only,nan,>= +5,1.0,False,True,nan,1.7514090538024902,nan,4.470209121704102,nan,2.7188000679016113,0.08585293591022491,-4.848784446716309,-4.336855411529541
sir0_val-42-000026,target_only,nan,>= +5,nan,True,False,8.41767692565918,nan,-1.6154121160507202,nan,10.033088684082031,nan,0.8525881171226501,-4.033626556396484,-11.97368049621582
sir0_val-42-000027,both,-6.2,< -5,0.0,True,True,-68.21432495117188,6.306090831756592,-66.44636535644531,3.474910259246826,-1.7679595947265625,-2.8311805725097656,0.22078484296798706,-4.281713962554932,-6.66461181640625
sir0_val-42-000028,both,9.92,>= +5,1.0,True,True,9.375658988952637,-16.430278778076172,7.280112266540527,-11.023746490478516,2.0955467224121094,5.406532287597656,0.048737701028585434,-4.047811508178711,-4.06638240814209
sir0_val-42-000029,both,-3.99,-5..0,1.0,True,True,-2.4029431343078613,1.8099355697631836,-10.447746276855469,7.078179359436035,8.044803619384766,5.268243789672852,0.18633440136909485,-3.014789581298828,-4.669076919555664
sir0_val-42-000030,target_only,nan,>= +5,nan,True,False,12.36524772644043,nan,11.148711204528809,nan,1.216536521911621,nan,0.028736891224980354,-3.4228506088256836,-3.8648862838745117
sir0_val-42-000031,both,-9.87,< -5,1.0,True,True,-1.1755419969558716,0.38988444209098816,-1.10471773147583,0.19156597554683685,-0.0708242654800415,-0.1983184665441513,0.010751094669103622,-2.7582125663757324,-2.8825843334198
sir0_val-42-000032,both,-7.58,< -5,1.0,True,False,9.312714576721191,nan,8.868288040161133,nan,0.4444265365600586,nan,0.03258202597498894,-3.5313782691955566,-4.036178112030029
sir0_val-42-000033,target_only,nan,>= +5,nan,False,False,nan,nan,nan,nan,nan,nan,0.2404613047838211,-24.87366485595703,-24.453859329223633
sir0_val-42-000034,noise_only,nan,>= +5,nan,False,False,nan,nan,nan,nan,nan,nan,13.792299270629883,-21.421897888183594,-10.123795509338379
sir0_val-42-000035,both,6.15,>= +5,1.0,True,True,4.96682071685791,-5.180625915527344,5.184624195098877,-5.450634479522705,-0.2178034782409668,-0.27000856399536133,0.0031167957931756973,-2.60624361038208,-2.6703855991363525
sir0_val-42-000036,noise_only,nan,>= +5,nan,False,False,nan,nan,nan,nan,nan,nan,0.9998519420623779,-4.985996246337891,-30.009672164916992
sir0_val-42-000037,both,5.28,>= +5,1.0,True,True,10.879707336425781,-13.162117004394531,8.890090942382812,-10.945751190185547,1.9896163940429688,2.2163658142089844,0.032066743820905685,-3.8675408363342285,-4.537145614624023
sir0_val-42-000038,noise_only,nan,>= +5,nan,False,False,nan,nan,nan,nan,nan,nan,0.36874327063560486,-25.229948043823242,-24.398460388183594
sir0_val-42-000039,target_only,nan,>= +5,nan,True,False,12.953070640563965,nan,2.4577200412750244,nan,10.49535083770752,nan,0.5037529468536377,-2.8291807174682617,-10.480684280395508
sir0_val-42-000040,noise_only,nan,>= +5,nan,False,False,nan,nan,nan,nan,nan,nan,0.04872320592403412,-27.256736755371094,-27.61686134338379
sir0_val-42-000041,both,-1.53,-5..0,0.0,True,True,-30.488441467285156,-2.5149946212768555,-38.143558502197266,12.644095420837402,7.655117034912109,15.159090042114258,78.81072235107422,-22.972620010375977,-3.47255802154541
sir0_val-42-000042,target_only,nan,>= +5,nan,True,False,19.927846908569336,nan,2.482733726501465,nan,17.445114135742188,nan,0.687378466129303,-2.871241331100464,-15.714059829711914
sir0_val-42-000043,target_only,nan,>= +5,nan,True,False,12.578479766845703,nan,-11.11378288269043,nan,23.692262649536133,nan,0.9779748916625977,-2.978071689605713,-30.823022842407227
sir0_val-42-000044,target_only,nan,>= +5,nan,True,False,4.9724955558776855,nan,-18.280025482177734,nan,23.252521514892578,nan,0.9765424132347107,-5.61613130569458,-31.329086303710938
sir0_val-42-000045,both,9.99,>= +5,1.0,True,True,9.389427185058594,-11.586342811584473,8.041280746459961,-11.641589164733887,1.3481464385986328,-0.05524635314941406,0.05398154258728027,-2.731393575668335,-3.9044313430786133
sir0_val-42-000046,both,0.84,0..+5,1.0,True,True,-2.834158182144165,2.2052862644195557,-3.3353474140167236,2.7737131118774414,0.5011892318725586,0.5684268474578857,0.009791170246899128,-3.124581813812256,-2.8163325786590576
sir0_val-42-000047,interferer_only,nan,>= +5,1.0,False,True,nan,2.0414183139801025,nan,7.255406856536865,nan,5.213988304138184,1.5068148374557495,-11.76481819152832,-5.742656707763672
sir0_val-42-000048,both,2.56,0..+5,1.0,True,True,-30.855270385742188,8.930473327636719,-27.196430206298828,4.561450958251953,-3.6588401794433594,-4.369022369384766,0.17359788715839386,-8.705305099487305,-11.45119857788086
sir0_val-42-000049,interferer_only,nan,>= +5,0.0,False,True,nan,0.5436487793922424,nan,11.183844566345215,nan,10.640195846557617,7.417120933532715,-15.61373233795166,-4.966184616088867
sir0_val-42-000050,both,0.88,0..+5,0.0,True,True,0.4841296374797821,-7.665644645690918,-8.41887092590332,4.2836151123046875,8.903000831604004,11.949259757995605,1.3786567449569702,-6.429595947265625,-4.955061912536621
sir0_val-42-000051,both,1.17,0..+5,1.0,True,True,-3.7566442489624023,2.988571882247925,-3.626142978668213,3.0918006896972656,-0.13050127029418945,0.10322880744934082,0.014259111136198044,-3.3031842708587646,-2.751709461212158
sir0_val-42-000052,target_only,nan,>= +5,nan,True,False,12.487510681152344,nan,-7.071902275085449,nan,19.55941390991211,nan,0.8949925899505615,-3.296722173690796,-18.55524444580078
sir0_val-42-000053,both,4.72,0..+5,1.0,True,True,14.001062393188477,-68.06938171386719,13.390304565429688,-77.5774154663086,0.6107578277587891,-9.508033752441406,0.006229028105735779,-2.9200985431671143,-3.3517203330993652
sir0_val-42-000054,both,-1.28,-5..0,0.0,True,True,1.188498616218567,-1.2672920227050781,0.2506146728992462,-0.7848513126373291,0.9378839731216431,0.482440710067749,0.039935722947120667,-2.8656504154205322,-2.9389543533325195
sir0_val-42-000055,both,5.72,>= +5,1.0,True,True,6.073761940002441,-7.1279168128967285,5.65770149230957,-6.709835052490234,0.4160604476928711,0.41808176040649414,0.0063424077816307545,-2.7701499462127686,-2.8676514625549316
sir0_val-42-000056,noise_only,nan,>= +5,nan,False,False,nan,nan,nan,nan,nan,nan,0.10304199159145355,-19.261796951293945,-19.12318992614746
sir0_val-42-000057,both,-8.5,< -5,1.0,True,True,-15.875077247619629,11.941777229309082,-16.189298629760742,14.31709098815918,0.3142213821411133,2.3753137588500977,0.024031057953834534,-3.0485379695892334,-2.5283331871032715
sir0_val-42-000058,both,6.92,>= +5,0.0,True,True,5.153700828552246,-6.437582969665527,-3.164607048034668,-2.4919567108154297,8.318307876586914,3.9456262588500977,0.4106132388114929,-3.639908790588379,-6.0748820304870605
sir0_val-42-000059,target_only,nan,>= +5,nan,True,False,14.797128677368164,nan,14.441804885864258,nan,0.35532379150390625,nan,0.0033389548771083355,-2.781754732131958,-2.772601842880249
sir0_val-42-000060,interferer_only,nan,>= +5,1.0,False,False,nan,nan,nan,nan,nan,nan,1.14991295337677,-27.53554344177246,-23.165119171142578
sir0_val-42-000061,both,1.33,0..+5,1.0,True,True,3.704936981201172,-4.450356960296631,-18.63996696472168,4.221455097198486,22.34490394592285,8.671812057495117,0.8571466207504272,-3.166672706604004,-19.854400634765625
sir0_val-42-000062,both,7.37,>= +5,1.0,True,True,6.999931812286377,-7.876249313354492,-0.9041207432746887,-5.479876518249512,7.904052734375,2.3963727951049805,0.45331791043281555,-2.783019781112671,-7.50870418548584
sir0_val-42-000063,both,8.47,>= +5,1.0,True,True,4.832494735717773,-10.897705078125,-0.4126310348510742,-2.5960323810577393,5.245125770568848,8.30167293548584,0.3642157316207886,-5.471649646759033,-5.20670223236084
sir0_val-42-000064,target_only,nan,>= +5,nan,True,False,10.717046737670898,nan,10.778482437133789,nan,-0.061435699462890625,nan,0.012263394892215729,-3.293548107147217,-3.643714427947998
sir0_val-42-000065,both,9.4,>= +5,0.0,True,True,3.3874239921569824,-12.364760398864746,1.7490668296813965,-11.863884925842285,1.638357162475586,0.5008754730224609,0.25195416808128357,-3.376941680908203,-7.161365509033203
sir0_val-42-000066,target_only,nan,>= +5,nan,True,False,13.040191650390625,nan,13.413139343261719,nan,-0.37294769287109375,nan,0.04880209639668465,-4.50484561920166,-4.1045026779174805
sir0_val-42-000067,both,-4.75,-5..0,0.0,True,True,-0.1328146904706955,-0.7502874135971069,-13.304987907409668,0.8548758029937744,13.172173500061035,1.6051632165908813,0.6676673293113708,-3.560304880142212,-8.563688278198242
sir0_val-42-000068,both,3.22,0..+5,0.0,True,True,-1.9911458492279053,0.5576208829879761,-4.832799911499023,0.9770429730415344,2.841654062271118,0.41942209005355835,0.21679258346557617,-3.4287402629852295,-4.64483118057251
sir0_val-42-000069,target_only,nan,>= +5,nan,True,False,11.61378288269043,nan,-3.5843732357025146,nan,15.198156356811523,nan,0.9194068312644958,-3.515380620956421,-25.820728302001953
sir0_val-42-000070,both,-4.49,-5..0,1.0,True,True,-6.39925479888916,5.582718849182129,-7.129654884338379,6.716734886169434,0.7304000854492188,1.1340160369873047,0.02352185919880867,-2.9993927478790283,-2.6684656143188477
sir0_val-42-000071,both,-2.35,-5..0,0.0,True,False,-5.505002021789551,nan,3.9863953590393066,nan,-9.491397857666016,nan,224.8389129638672,-30.60675048828125,-6.81237268447876
sir0_val-42-000072,target_only,nan,>= +5,nan,True,False,18.29912757873535,nan,17.448230743408203,nan,0.8508968353271484,nan,0.00792225357145071,-2.6331725120544434,-2.754601001739502
sir0_val-42-000073,both,-5.54,< -5,1.0,True,True,2.1829633712768555,-2.7514820098876953,-0.06259046494960785,-0.7227510809898376,2.245553731918335,2.028730869293213,0.039671581238508224,-3.6460421085357666,-3.9158403873443604
sir0_val-42-000074,interferer_only,nan,>= +5,1.0,False,True,nan,6.6012282371521,nan,17.77021026611328,nan,11.168981552124023,0.4615490436553955,-5.442874908447266,-2.2023849487304688
sir0_val-42-000075,interferer_only,nan,>= +5,1.0,False,True,nan,-0.2914040982723236,nan,5.066000938415527,nan,5.357405185699463,1.170011043548584,-7.694859504699707,-3.7424516677856445
sir0_val-42-000076,interferer_only,nan,>= +5,0.0,False,True,nan,2.7028255462646484,nan,14.611163139343262,nan,11.908337593078613,23.405933380126953,-17.77082633972168,-2.753417491912842
sir0_val-42-000077,both,-5.18,< -5,0.0,True,True,-6.016161918640137,-0.948874294757843,-10.678625106811523,9.972841262817383,4.662463188171387,10.92171573638916,12.99755859375,-15.006414413452148,-2.2921693325042725
sir0_val-42-000078,both,2.54,0..+5,0.0,True,False,10.385438919067383,nan,-9.422215461730957,nan,19.807655334472656,nan,0.9612185955047607,-3.8517603874206543,-28.133451461791992
sir0_val-42-000079,interferer_only,nan,>= +5,0.0,False,True,nan,-6.537203788757324,nan,13.48657512664795,nan,20.023778915405273,522.9742431640625,-29.973928451538086,-2.633640766143799
sir0_val-42-000080,both,0.58,0..+5,1.0,True,True,-7.637925624847412,5.214121341705322,-10.572290420532227,9.522490501403809,2.9343647956848145,4.308369159698486,0.247384712100029,-5.422796249389648,-2.7258501052856445
sir0_val-42-000081,target_only,nan,>= +5,nan,True,False,17.173192977905273,nan,13.367443084716797,nan,3.8057498931884766,nan,0.038231901824474335,-2.503735065460205,-3.708249092102051
sir0_val-42-000082,target_only,nan,>= +5,nan,True,False,16.37099838256836,nan,8.391854286193848,nan,7.979144096374512,nan,0.08344563096761703,-2.98300838470459,-3.5423123836517334
sir0_val-42-000083,target_only,nan,>= +5,nan,True,False,18.53204917907715,nan,18.975513458251953,nan,-0.4434642791748047,nan,0.00399723881855607,-2.8045578002929688,-2.772911787033081
sir0_val-42-000084,target_only,nan,>= +5,nan,True,False,17.26127052307129,nan,18.618986129760742,nan,-1.3577156066894531,nan,0.0065630595199763775,-3.1373682022094727,-2.80087947845459
sir0_val-42-000085,both,-6.82,< -5,1.0,True,False,15.23562240600586,nan,14.657184600830078,nan,0.5784378051757812,nan,0.0025781281292438507,-2.8983278274536133,-2.933277130126953
sir0_val-42-000086,both,-8.01,< -5,0.0,True,True,1.1843856573104858,-7.648054122924805,-6.229115009307861,0.13864950835704803,7.413500785827637,7.786703586578369,0.576921284198761,-6.696393966674805,-6.109476089477539
sir0_val-42-000087,interferer_only,nan,>= +5,0.0,False,True,nan,2.6595160961151123,nan,13.975619316101074,nan,11.316102981567383,0.7543061375617981,-6.495766639709473,-3.049046516418457
sir0_val-42-000088,target_only,nan,>= +5,nan,True,False,5.462125778198242,nan,9.693197250366211,nan,-4.231071472167969,nan,0.23696665465831757,-4.652109146118164,-3.4059979915618896
sir0_val-42-000089,both,-0.35,-5..0,0.0,True,True,5.171628475189209,-9.943134307861328,-8.622377395629883,3.754863977432251,13.79400634765625,13.697998046875,0.9278885126113892,-4.704360008239746,-4.701974868774414
sir0_val-42-000090,both,-5.76,< -5,0.0,True,True,-7.1850996017456055,0.3553171157836914,-9.576062202453613,4.904517650604248,2.390962600708008,4.549200534820557,1.4216384887695312,-9.043508529663086,-3.6550557613372803
sir0_val-42-000091,both,-3.03,-5..0,1.0,True,True,-12.506732940673828,10.549426078796387,-11.025944709777832,9.62407112121582,-1.480788230895996,-0.9253549575805664,0.010432004928588867,-2.864039421081543,-2.640145778656006
sir0_val-42-000092,both,7.14,>= +5,1.0,True,False,16.98722267150879,nan,3.03523588180542,nan,13.951986312866211,nan,0.45582398772239685,-2.842012643814087,-9.900103569030762
sir0_val-42-000093,target_only,nan,>= +5,nan,True,False,13.376977920532227,nan,10.02324104309082,nan,3.3537368774414062,nan,0.0717506855726242,-2.761650562286377,-4.214357376098633
sir0_val-42-000094,interferer_only,nan,>= +5,0.0,False,True,nan,-6.1545939445495605,nan,8.41519546508789,nan,14.56978988647461,253.3884735107422,-27.700986862182617,-3.4281415939331055
sir0_val-42-000095,target_only,nan,>= +5,nan,True,False,-0.8855847120285034,nan,-6.097438812255859,nan,5.211853981018066,nan,0.43436819314956665,-4.165389060974121,-9.09376335144043
sir0_val-42-000096,noise_only,nan,>= +5,nan,False,False,nan,nan,nan,nan,nan,nan,0.056960102170705795,-26.694547653198242,-27.02501678466797
sir0_val-42-000097,both,-1.64,-5..0,0.0,True,False,9.360339164733887,nan,-2.0123486518859863,nan,11.372688293457031,nan,0.9506263136863708,-3.421609878540039,-30.879878997802734
sir0_val-42-000098,both,-5.32,< -5,1.0,True,False,17.16895866394043,nan,16.792951583862305,nan,0.376007080078125,nan,0.004953642375767231,-2.6171348094940186,-2.8964498043060303
sir0_val-42-000099,interferer_only,nan,>= +5,0.0,False,True,nan,4.410375118255615,nan,10.44061279296875,nan,6.030237674713135,2.2450311183929443,-10.888893127441406,-3.611633777618408
sir0_val-42-000100,interferer_only,nan,>= +5,1.0,False,True,nan,11.629525184631348,nan,15.829764366149902,nan,4.200239181518555,0.05518592894077301,-3.763266086578369,-2.9990148544311523
sir0_val-42-000101,interferer_only,nan,>= +5,1.0,False,True,nan,-8.675195693969727,nan,13.488602638244629,nan,22.163799285888672,345.6224365234375,-28.421886444091797,-2.8693313598632812
sir0_val-42-000102,both,-6.69,< -5,0.0,True,True,-4.876558780670166,1.1498163938522339,-7.550284385681152,7.212761878967285,2.6737256050109863,6.062945365905762,0.3511071801185608,-4.922151565551758,-2.8214569091796875
sir0_val-42-000103,target_only,nan,>= +5,nan,False,False,nan,nan,nan,nan,nan,nan,0.04567054659128189,-25.654687881469727,-26.03782844543457
sir0_val-42-000104,noise_only,nan,>= +5,nan,False,False,nan,nan,nan,nan,nan,nan,1.3925247192382812,-30.627620697021484,-26.091419219970703
sir0_val-42-000105,both,-8.75,< -5,0.0,True,True,-4.125741481781006,-12.556953430175781,-14.143424987792969,12.707111358642578,10.017683029174805,25.26406478881836,20.909875869750977,-16.34881019592285,-2.7208855152130127
sir0_val-42-000106,target_only,nan,>= +5,nan,True,False,15.908004760742188,nan,9.94569206237793,nan,5.962312698364258,nan,0.09593567997217178,-3.1708836555480957,-4.717350959777832
sir0_val-42-000107,both,-4.81,-5..0,0.0,True,True,-2.746142864227295,-1.5976978540420532,-13.690890312194824,6.810926914215088,10.944747924804688,8.408624649047852,0.6370295286178589,-5.410460948944092,-4.333163261413574
sir0_val-42-000108,target_only,nan,>= +5,nan,True,False,1.2107588052749634,nan,-7.4639892578125,nan,8.674748420715332,nan,0.8182806372642517,-10.270036697387695,-23.19141387939453
sir0_val-42-000109,both,-4.46,-5..0,1.0,True,False,15.793424606323242,nan,0.4630334973335266,nan,15.330390930175781,nan,0.5177772045135498,-2.815732002258301,-8.722850799560547
sir0_val-42-000110,target_only,nan,>= +5,nan,True,False,19.134309768676758,nan,4.345028877258301,nan,14.789280891418457,nan,0.44774889945983887,-2.7430496215820312,-10.133313179016113
sir0_val-42-000111,both,-8.29,< -5,1.0,True,True,-8.793374061584473,8.20079231262207,-20.365455627441406,13.065606117248535,11.572081565856934,4.864813804626465,0.09750101715326309,-2.6502630710601807,-2.857573986053467
sir0_val-42-000112,both,-5.26,< -5,0.0,True,False,18.354158401489258,nan,-2.7435240745544434,nan,21.09768295288086,nan,0.913702666759491,-2.675261974334717,-24.80364990234375
sir0_val-42-000113,both,9.68,>= +5,1.0,True,True,19.624544143676758,-35.643402099609375,18.541175842285156,-35.27263641357422,1.0833683013916016,0.37076568603515625,0.005711231846362352,-2.339048147201538,-2.810250759124756
sir0_val-42-000114,interferer_only,nan,>= +5,1.0,False,True,nan,-32.801368713378906,nan,-27.56077766418457,nan,5.240591049194336,0.5393343567848206,-27.789297103881836,-31.29086685180664
sir0_val-42-000115,interferer_only,nan,>= +5,0.0,False,True,nan,-3.383450508117676,nan,10.395936965942383,nan,13.779387474060059,7.623871326446533,-13.831413269042969,-3.878706455230713
sir0_val-42-000116,both,-8.62,< -5,1.0,True,True,7.639260292053223,-20.50106430053711,6.949276924133301,-20.001192092895508,0.6899833679199219,0.49987220764160156,0.013283182866871357,-3.3055613040924072,-3.7750651836395264
sir0_val-42-000117,target_only,nan,>= +5,nan,True,False,20.439403533935547,nan,20.01495361328125,nan,0.4244499206542969,nan,0.00044621145934797823,-2.211355686187744,-2.2333381175994873
sir0_val-42-000118,interferer_only,nan,>= +5,0.0,False,True,nan,19.282011032104492,nan,20.02042007446289,nan,0.7384090423583984,0.005293171387165785,-2.8558478355407715,-2.632277011871338
sir0_val-42-000119,both,-8.28,< -5,0.0,True,True,-2.3760738372802734,-3.770841360092163,-10.70940113067627,5.594225883483887,8.333327293395996,9.365067481994629,1.8098454475402832,-8.929598808288574,-4.0012407302856445
sir0_val-42-000120,interferer_only,nan,>= +5,1.0,False,True,nan,21.600723266601562,nan,20.466289520263672,nan,-1.1344337463378906,0.0030388482846319675,-2.6385092735290527,-2.6818583011627197
sir0_val-42-000121,interferer_only,nan,>= +5,1.0,False,True,nan,11.938726425170898,nan,22.56313133239746,nan,10.624404907226562,0.07858340442180634,-3.2654800415039062,-2.3000431060791016
sir0_val-42-000122,interferer_only,nan,>= +5,1.0,False,True,nan,14.30968189239502,nan,14.529414176940918,nan,0.21973228454589844,0.00346655142493546,-2.7488279342651367,-2.756223678588867
sir0_val-42-000123,both,1.66,0..+5,1.0,True,True,0.7723537683486938,-1.8957520723342896,-1.0697624683380127,-1.0925569534301758,1.8421162366867065,0.8031951189041138,0.07194141298532486,-3.9847896099090576,-4.629195213317871
sir0_val-42-000124,interferer_only,nan,>= +5,1.0,False,True,nan,8.660590171813965,nan,12.119894027709961,nan,3.459303855895996,0.11038201302289963,-4.193798065185547,-2.8167202472686768
sir0_val-42-000125,interferer_only,nan,>= +5,0.0,False,False,nan,nan,nan,nan,nan,nan,11.617725372314453,-24.17081642150879,-13.536356925964355
sir0_val-42-000126,interferer_only,nan,>= +5,1.0,False,True,nan,6.138573169708252,nan,11.390233039855957,nan,5.251659870147705,0.8881183862686157,-7.741374969482422,-2.7939395904541016
sir0_val-42-000127,both,4.75,0..+5,1.0,True,True,-4.0715789794921875,1.716457486152649,-15.102020263671875,8.407291412353516,11.030441284179688,6.690834045410156,0.36512964963912964,-5.2613935470581055,-3.7463998794555664
sir0_val-42-000128,both,6.26,>= +5,1.0,True,False,14.685949325561523,nan,15.42142391204834,nan,-0.7354745864868164,nan,0.002778000896796584,-3.922743797302246,-3.8420443534851074
sir0_val-42-000129,both,-6.44,< -5,1.0,True,True,-5.481180191040039,5.147885322570801,-5.758969783782959,5.316445827484131,0.2777895927429199,0.16856050491333008,0.009726716205477715,-2.7946255207061768,-2.9081168174743652
sir0_val-42-000130,both,-7.66,< -5,1.0,False,True,nan,16.650333404541016,nan,17.399654388427734,nan,0.7493209838867188,0.004079280886799097,-2.7972042560577393,-2.5400030612945557
sir0_val-42-000131,target_only,nan,>= +5,nan,True,False,13.87833023071289,nan,-9.858990669250488,nan,23.737319946289062,nan,0.9707146883010864,-2.7676782608032227,-28.46552848815918
sir0_val-42-000132,interferer_only,nan,>= +5,1.0,False,True,nan,12.789406776428223,nan,12.803053855895996,nan,0.013647079467773438,0.005709121935069561,-3.648681879043579,-3.4378390312194824
sir0_val-42-000133,both,7.02,>= +5,1.0,True,True,6.367776393890381,-7.718327045440674,6.1471357345581055,-7.437873363494873,0.2206406593322754,0.2804536819458008,0.014505812898278236,-3.248445749282837,-3.0971732139587402
sir0_val-42-000134,both,-7.13,< -5,1.0,True,True,-5.778339385986328,5.669183254241943,-6.2755937576293945,6.19411563873291,0.4972543716430664,0.5249323844909668,0.011398809030652046,-3.0811288356781006,-2.9335994720458984
sir0_val-42-000135,both,-5.18,< -5,0.0,True,True,-4.668353080749512,3.7874011993408203,-6.035690784454346,5.434194564819336,1.367337703704834,1.6467933654785156,0.045690957456827164,-3.3930177688598633,-2.8754658699035645
sir0_val-42-000136,interferer_only,nan,>= +5,0.0,False,False,nan,nan,nan,nan,nan,nan,0.3109164237976074,-26.69363784790039,-27.45733070373535
sir0_val-42-000137,both,-2.73,-5..0,1.0,True,False,20.675432205200195,nan,-4.979334354400635,nan,25.654766082763672,nan,0.8741143345832825,-2.645885944366455,-19.113739013671875
sir0_val-42-000138,both,-6.01,< -5,1.0,True,False,9.360956192016602,nan,8.410388946533203,nan,0.9505672454833984,nan,0.030178045853972435,-3.3893415927886963,-3.9068603515625
sir0_val-42-000139,both,-4.5,-5..0,0.0,True,True,-8.299107551574707,0.48456960916519165,-12.222599029541016,9.804737091064453,3.9234914779663086,9.320167541503906,1.2109684944152832,-7.4326934814453125,-2.8634133338928223
sir0_val-42-000140,both,7.59,>= +5,0.0,True,False,5.280251502990723,nan,-0.8746901750564575,nan,6.154941558837891,nan,0.6098692417144775,-10.156425476074219,-18.67401885986328
sir0_val-42-000141,target_only,nan,>= +5,nan,True,False,16.425491333007812,nan,13.793641090393066,nan,2.631850242614746,nan,0.01969081163406372,-2.783370018005371,-3.2659687995910645
sir0_val-42-000142,both,-8.01,< -5,1.0,True,True,-15.250802993774414,12.617935180664062,-15.252957344055176,10.548479080200195,0.0021543502807617188,-2.069456100463867,0.04837024211883545,-2.9244384765625,-2.7719264030456543
sir0_val-42-000143,target_only,nan,>= +5,nan,True,False,9.311853408813477,nan,0.9441890716552734,nan,8.367664337158203,nan,0.32430416345596313,-4.305644512176514,-7.3086042404174805
sir0_val-42-000144,both,4.92,0..+5,1.0,True,False,13.53700065612793,nan,2.3055593967437744,nan,11.231441497802734,nan,0.5421615839004517,-2.9881956577301025,-11.766372680664062
sir0_val-42-000145,both,1.54,0..+5,1.0,True,False,4.554917335510254,nan,10.821765899658203,nan,-6.266848564147949,nan,0.4006299376487732,-7.383423328399658,-4.5533223152160645
sir0_val-42-000146,both,-5.9,< -5,0.0,True,True,21.94847297668457,-51.4205322265625,20.531986236572266,-52.03874588012695,1.4164867401123047,-0.6182136535644531,0.0032755243591964245,-2.910670280456543,-3.0848007202148438
sir0_val-42-000147,target_only,nan,>= +5,nan,True,False,-19.397151947021484,nan,-19.257383346557617,nan,-0.1397686004638672,nan,0.24310828745365143,-27.568588256835938,-28.748170852661133
sir0_val-42-000148,both,5.53,>= +5,1.0,True,True,9.688190460205078,-12.207847595214844,7.616209506988525,-11.547528266906738,2.0719809532165527,0.6603193283081055,0.06119881942868233,-2.605996608734131,-3.6912834644317627
sir0_val-42-000149,interferer_only,nan,>= +5,0.0,False,True,nan,1.3340717554092407,nan,5.081335067749023,nan,3.7472634315490723,1.1796460151672363,-8.634797096252441,-4.710925102233887
sir0_val-42-000150,both,-8.83,< -5,1.0,True,False,16.613006591796875,nan,9.84403133392334,nan,6.768975257873535,nan,0.11121614277362823,-2.804805278778076,-4.982970237731934
sir0_val-42-000151,both,-1.52,-5..0,1.0,True,True,3.4750306606292725,-4.727118015289307,0.18510538339614868,-0.478687047958374,3.2899253368377686,4.248431205749512,0.11767391115427017,-4.023961067199707,-3.0942795276641846
sir0_val-42-000152,both,9.92,>= +5,0.0,True,True,13.157404899597168,-49.4752197265625,-1.6447296142578125,-48.99800109863281,14.80213451385498,0.4772186279296875,0.6295006275177002,-3.0360255241394043,-10.385575294494629
sir0_val-42-000153,both,7.35,>= +5,1.0,True,True,-1.2402819395065308,-8.636895179748535,-1.619425892829895,-5.545811653137207,0.37914395332336426,3.091083526611328,0.29086947441101074,-6.750642776489258,-7.863082408905029
sir0_val-42-000154,noise_only,nan,>= +5,nan,False,False,nan,nan,nan,nan,nan,nan,0.21216228604316711,-30.34185791015625,-29.628870010375977
sir0_val-42-000155,target_only,nan,>= +5,nan,True,False,-0.4413733184337616,nan,9.253445625305176,nan,-9.694818496704102,nan,1.315450668334961,-8.1444673538208,-4.551199913024902
sir0_val-42-000156,target_only,nan,>= +5,nan,True,False,11.22062873840332,nan,17.73280906677246,nan,-6.512180328369141,nan,0.08220601081848145,-3.908682346343994,-2.93587064743042
sir0_val-42-000157,both,1.09,0..+5,1.0,True,True,1.653677225112915,-2.2396185398101807,1.1643710136413574,-1.8351017236709595,0.4893062114715576,0.4045168161392212,0.011686058714985847,-3.4022953510284424,-2.989555835723877
sir0_val-42-000158,both,-6.77,< -5,0.0,True,True,-9.475485801696777,8.051403999328613,-9.569537162780762,8.617565155029297,0.09405136108398438,0.5661611557006836,0.012850617058575153,-2.9186604022979736,-2.8066606521606445
sir0_val-42-000159,interferer_only,nan,>= +5,0.0,False,True,nan,-6.047599792480469,nan,13.611344337463379,nan,19.65894317626953,427.1260681152344,-29.344375610351562,-2.8526315689086914
sir0_val-42-000160,target_only,nan,>= +5,nan,True,False,14.301553726196289,nan,14.671989440917969,nan,-0.3704357147216797,nan,0.005975014995783567,-2.8956565856933594,-2.9598240852355957
sir0_val-42-000161,target_only,nan,>= +5,nan,True,False,12.371454238891602,nan,2.555072784423828,nan,9.816381454467773,nan,0.3790541887283325,-2.9134485721588135,-7.67968225479126
sir0_val-42-000162,both,-2.54,-5..0,1.0,True,False,3.113445997238159,nan,-3.710783004760742,nan,6.8242292404174805,nan,0.7502730488777161,-6.101923942565918,-17.974403381347656
sir0_val-42-000163,both,5.12,>= +5,0.0,True,True,9.537297248840332,-15.291542053222656,-5.963206768035889,-7.200270652770996,15.500503540039062,8.09127140045166,0.7313659191131592,-3.4708638191223145,-12.15852165222168
sir0_val-42-000164,both,-5.0,-5..0,0.0,True,True,-19.416500091552734,-32.059112548828125,-22.81629753112793,-37.297874450683594,3.3997974395751953,-5.238761901855469,0.8510701656341553,-29.130863189697266,-27.211978912353516
sir0_val-42-000165,interferer_only,nan,>= +5,0.0,False,True,nan,5.138874530792236,nan,2.194354295730591,nan,-2.9445202350616455,0.23857481777668,-4.478997707366943,-6.464597702026367
sir0_val-42-000166,both,-2.27,-5..0,0.0,True,False,13.032686233520508,nan,-7.85624885559082,nan,20.888935089111328,nan,0.9324811697006226,-3.1777968406677246,-18.07620620727539
sir0_val-42-000167,interferer_only,nan,>= +5,0.0,False,True,nan,-6.470715522766113,nan,7.132273197174072,nan,13.602989196777344,93.28827667236328,-23.370206832885742,-3.257265090942383
sir0_val-42-000168,target_only,nan,>= +5,nan,True,False,18.684280395507812,nan,0.04975970461964607,nan,18.634521484375,nan,0.5428375005722046,-2.895834445953369,-8.705307960510254
sir0_val-42-000169,both,4.41,0..+5,0.0,True,True,3.076756238937378,-7.109755516052246,-2.5397400856018066,-2.3612380027770996,5.6164960861206055,4.7485175132751465,0.34564700722694397,-4.646966934204102,-8.0918607711792
sir0_val-42-000170,interferer_only,nan,>= +5,1.0,False,True,nan,10.736543655395508,nan,-0.1462208479642868,nan,-10.88276481628418,0.5362662076950073,-4.417758941650391,-10.012031555175781
sir0_val-42-000171,interferer_only,nan,>= +5,0.0,False,True,nan,-13.289234161376953,nan,2.223115921020508,nan,15.512350082397461,484.7126770019531,-32.26865768432617,-5.316343307495117
sir0_val-42-000172,both,1.68,0..+5,0.0,True,True,0.8067283630371094,-7.428765296936035,-5.559872627258301,3.989382743835449,6.36660099029541,11.418148040771484,1.6435357332229614,-8.160354614257812,-3.1906604766845703
sir0_val-42-000173,target_only,nan,>= +5,nan,True,False,14.244555473327637,nan,3.3690176010131836,nan,10.875537872314453,nan,0.36034756898880005,-2.8721837997436523,-7.655157566070557
sir0_val-42-000174,target_only,nan,>= +5,nan,True,False,19.300540924072266,nan,18.79911994934082,nan,0.5014209747314453,nan,0.0026170758064836264,-2.519315719604492,-2.7806034088134766
sir0_val-42-000175,target_only,nan,>= +5,nan,True,False,8.051689147949219,nan,-5.431649684906006,nan,13.483339309692383,nan,0.7942293286323547,-2.768669366836548,-13.448322296142578
sir0_val-42-000176,both,4.55,0..+5,0.0,True,True,0.5536189079284668,-3.0064022541046143,-3.9172050952911377,-3.8248660564422607,4.470824241638184,-0.8184638023376465,0.5065062046051025,-3.5759546756744385,-9.438353538513184
sir0_val-42-000177,interferer_only,nan,>= +5,1.0,False,True,nan,2.9036271572113037,nan,4.794671058654785,nan,1.8910439014434814,0.15514039993286133,-5.852497100830078,-4.49567174911499
sir0_val-42-000178,both,-4.79,-5..0,0.0,True,True,-1.9524062871932983,-10.330684661865234,-7.885855674743652,7.446060657501221,5.9334492683410645,17.776744842529297,3.1667075157165527,-8.706975936889648,-2.5065059661865234
sir0_val-42-000179,both,3.5,0..+5,0.0,True,True,3.5068750381469727,-22.605789184570312,-24.19582176208496,6.24323844909668,27.70269775390625,28.849027633666992,13.41368579864502,-16.512819290161133,-5.20528507232666
sir0_val-42-000180,both,-3.83,-5..0,1.0,True,True,-4.724025249481201,-9.71870231628418,-5.39947509765625,4.473863124847412,0.6754498481750488,14.19256591796875,191.08148193359375,-26.274213790893555,-3.1545116901397705
sir0_val-42-000181,target_only,nan,>= +5,nan,False,False,nan,nan,nan,nan,nan,nan,0.886489748954773,-27.29198455810547,-24.138103485107422
sir0_val-42-000182,both,0.86,0..+5,0.0,True,True,1.494159460067749,-6.3393778800964355,-8.324312210083008,3.9063358306884766,9.818471908569336,10.24571418762207,1.06930410861969,-5.942285060882568,-4.842718601226807
sir0_val-42-000183,interferer_only,nan,>= +5,0.0,False,False,nan,nan,nan,nan,nan,nan,0.57837975025177,-22.947290420532227,-26.800334930419922
sir0_val-42-000184,target_only,nan,>= +5,nan,True,False,-23.495868682861328,nan,-23.262374877929688,nan,-0.23349380493164062,nan,0.06576601415872574,-27.143051147460938,-26.56541633605957
sir0_val-42-000185,both,6.92,>= +5,0.0,True,True,5.484806060791016,-12.359373092651367,0.5429927706718445,-15.024259567260742,4.9418134689331055,-2.664886474609375,0.6672472357749939,-5.023602485656738,-7.638933181762695
sir0_val-42-000186,target_only,nan,>= +5,nan,True,False,-19.797353744506836,nan,-20.426441192626953,nan,0.6290874481201172,nan,0.058050498366355896,-28.15716552734375,-28.58620834350586
sir0_val-42-000187,both,4.73,0..+5,1.0,True,True,-3.9240739345550537,-2.911275863647461,-3.9113643169403076,-2.804476022720337,-0.012709617614746094,0.10679984092712402,0.08211254328489304,-8.128545761108398,-7.6224517822265625
sir0_val-42-000188,both,8.24,>= +5,1.0,True,True,11.670260429382324,-20.97047996520996,8.35644245147705,-12.855633735656738,3.3138179779052734,8.114846229553223,0.06753571331501007,-3.4629721641540527,-3.8253931999206543
sir0_val-42-000189,both,-5.73,< -5,1.0,False,True,nan,12.709733009338379,nan,17.51711654663086,nan,4.8073835372924805,0.042877841740846634,-3.957468271255493,-2.9477298259735107
sir0_val-42-000190,both,6.86,>= +5,1.0,True,False,17.682056427001953,nan,18.668912887573242,nan,-0.9868564605712891,nan,0.006401106249541044,-2.4330813884735107,-2.799466848373413
sir0_val-42-000191,interferer_only,nan,>= +5,0.0,False,True,nan,-14.188050270080566,nan,7.494669437408447,nan,21.682720184326172,6.280311584472656,-13.469882011413574,-5.318150043487549
sir0_val-42-000192,both,-5.64,< -5,0.0,True,False,-2.230741024017334,nan,-14.123164176940918,nan,11.892423629760742,nan,0.9982355833053589,-5.552356243133545,-29.172142028808594
sir0_val-42-000193,interferer_only,nan,>= +5,0.0,False,True,nan,5.221683979034424,nan,7.4513397216796875,nan,2.2296557426452637,0.6211347579956055,-5.76621150970459,-4.924921035766602
sir0_val-42-000194,both,8.21,>= +5,0.0,True,True,3.2590088844299316,-15.979209899902344,-15.192947387695312,-2.1369800567626953,18.451955795288086,13.842229843139648,0.9283807277679443,-4.867238521575928,-13.85079574584961
sir0_val-42-000195,both,-9.09,< -5,0.0,True,False,10.850866317749023,nan,-0.6371307373046875,nan,11.487997055053711,nan,0.6116688847541809,-4.058924198150635,-9.508589744567871
sir0_val-42-000196,interferer_only,nan,>= +5,1.0,False,True,nan,17.269657135009766,nan,17.659099578857422,nan,0.38944244384765625,0.0032275489065796137,-2.675285577774048,-2.6963672637939453
sir0_val-42-000197,interferer_only,nan,>= +5,1.0,False,True,nan,15.130377769470215,nan,15.789050102233887,nan,0.6586723327636719,0.007893324829638004,-3.378382921218872,-3.0551626682281494
sir0_val-42-000198,both,0.99,0..+5,0.0,True,True,5.049070358276367,-25.836185455322266,-0.4288202226161957,-5.495988845825195,5.477890491485596,20.34019660949707,0.8115330934524536,-4.511150360107422,-7.141950607299805
sir0_val-42-000199,target_only,nan,>= +5,nan,True,False,18.199892044067383,nan,5.36240291595459,nan,12.837489128112793,nan,0.39473336935043335,-2.4644603729248047,-9.211996078491211
