system,trial,judge_wer,asr_wer,ref_words
baseline-5000-e7,sir0_val-42-000002,131.42857142857142,100.0,35
baseline-5000-e7,sir0_val-42-000004,86.0,52.0,50
baseline-5000-e7,sir0_val-42-000005,75.60975609756098,80.48780487804878,41
baseline-5000-e7,sir0_val-42-000008,26.829268292682926,100.0,41
baseline-5000-e7,sir0_val-42-000010,81.25,65.625,32
baseline-5000-e7,sir0_val-42-000011,109.52380952380952,133.33333333333334,21
baseline-5000-e7,sir0_val-42-000012,209.0909090909091,281.8181818181818,11
baseline-5000-e7,sir0_val-42-000014,3.225806451612903,16.129032258064516,31
baseline-5000-e7,sir0_val-42-000015,124.0,128.0,25
baseline-5000-e7,sir0_val-42-000019,31.818181818181817,27.272727272727273,44
baseline-5000-e7,sir0_val-42-000021,0.0,13.333333333333334,30
baseline-5000-e7,sir0_val-42-000023,57.142857142857146,71.42857142857143,14
baseline-5000-e7,sir0_val-42-000024,13.793103448275861,24.137931034482758,29
baseline-5000-e7,sir0_val-42-000027,190.0,205.0,20
baseline-5000-e7,sir0_val-42-000028,0.0,22.22222222222222,27
baseline-5000-e7,sir0_val-42-000029,38.46153846153846,38.46153846153846,39
baseline-5000-e7,sir0_val-42-000031,78.26086956521739,76.08695652173913,46
baseline-5000-e7,sir0_val-42-000032,29.166666666666668,33.333333333333336,24
baseline-5000-e7,sir0_val-42-000035,10.526315789473685,10.526315789473685,38
baseline-5000-e7,sir0_val-42-000037,6.451612903225806,48.38709677419355,31
baseline-5000-e7,sir0_val-42-000041,0.0,0.0,25
baseline-5000-e7,sir0_val-42-000045,0.0,0.0,28
baseline-5000-e7,sir0_val-42-000046,91.30434782608695,0.0,23
baseline-5000-e7,sir0_val-42-000048,137.5,187.5,8
baseline-5000-e7,sir0_val-42-000050,111.76470588235294,17.647058823529413,34
baseline-5000-e7,sir0_val-42-000051,118.6046511627907,97.67441860465117,43
baseline-5000-e7,sir0_val-42-000053,113.33333333333333,133.33333333333334,15
baseline-5000-e7,sir0_val-42-000054,97.29729729729729,78.37837837837837,37
baseline-5000-e7,sir0_val-42-000055,0.0,12.121212121212121,33
baseline-5000-e7,sir0_val-42-000057,124.24242424242425,118.18181818181819,33
baseline-5000-e7,sir0_val-42-000058,55.88235294117647,26.470588235294116,34
baseline-5000-e7,sir0_val-42-000061,61.76470588235294,50.0,34
baseline-5000-e7,sir0_val-42-000062,2.0,2.0,50
baseline-5000-e7,sir0_val-42-000063,11.11111111111111,14.814814814814815,27
baseline-5000-e7,sir0_val-42-000065,0.0,6.666666666666667,30
baseline-5000-e7,sir0_val-42-000067,143.10344827586206,36.206896551724135,58
baseline-5000-e7,sir0_val-42-000068,8.695652173913043,8.695652173913043,23
baseline-5000-e7,sir0_val-42-000070,78.57142857142857,80.95238095238095,42
baseline-5000-e7,sir0_val-42-000071,130.0,95.0,20
baseline-5000-e7,sir0_val-42-000073,95.34883720930233,95.34883720930233,43
baseline-5000-e7,sir0_val-42-000077,85.71428571428571,71.42857142857143,35
baseline-5000-e7,sir0_val-42-000078,23.076923076923077,38.46153846153846,39
baseline-5000-e7,sir0_val-42-000080,94.87179487179488,94.87179487179488,39
baseline-5000-e7,sir0_val-42-000085,52.63157894736842,52.63157894736842,38
baseline-5000-e7,sir0_val-42-000086,73.33333333333333,93.33333333333333,30
baseline-5000-e7,sir0_val-42-000089,11.320754716981131,22.641509433962263,53
baseline-5000-e7,sir0_val-42-000090,105.71428571428571,105.71428571428571,35
baseline-5000-e7,sir0_val-42-000091,111.36363636363636,115.9090909090909,44
baseline-5000-e7,sir0_val-42-000092,5.555555555555555,8.333333333333334,36
baseline-5000-e7,sir0_val-42-000097,96.42857142857143,110.71428571428571,28
baseline-5000-e7,sir0_val-42-000098,10.909090909090908,20.0,55
baseline-5000-e7,sir0_val-42-000102,123.52941176470588,114.70588235294117,34
baseline-5000-e7,sir0_val-42-000105,9.090909090909092,41.81818181818182,55
baseline-5000-e7,sir0_val-42-000107,13.043478260869565,63.04347826086956,46
baseline-5000-e7,sir0_val-42-000109,21.428571428571427,42.857142857142854,28
baseline-5000-e7,sir0_val-42-000111,38.23529411764706,100.0,34
baseline-5000-e7,sir0_val-42-000112,5.555555555555555,55.55555555555556,36
baseline-5000-e7,sir0_val-42-000113,0.0,2.3255813953488373,43
baseline-5000-e7,sir0_val-42-000116,42.42424242424242,96.96969696969697,33
baseline-5000-e7,sir0_val-42-000119,124.19354838709677,80.64516129032258,62
baseline-5000-e7,sir0_val-42-000123,35.483870967741936,48.38709677419355,31
baseline-5000-e7,sir0_val-42-000127,0.0,7.142857142857143,28
baseline-5000-e7,sir0_val-42-000128,83.87096774193549,32.25806451612903,31
baseline-5000-e7,sir0_val-42-000129,75.86206896551724,96.55172413793103,29
baseline-5000-e7,sir0_val-42-000130,273.3333333333333,266.6666666666667,15
baseline-5000-e7,sir0_val-42-000133,69.56521739130434,156.52173913043478,23
baseline-5000-e7,sir0_val-42-000134,96.55172413793103,74.13793103448276,58
baseline-5000-e7,sir0_val-42-000135,70.37037037037037,140.74074074074073,27
baseline-5000-e7,sir0_val-42-000137,21.27659574468085,19.148936170212767,47
baseline-5000-e7,sir0_val-42-000138,56.75675675675676,97.29729729729729,37
baseline-5000-e7,sir0_val-42-000139,216.66666666666666,194.44444444444446,18
baseline-5000-e7,sir0_val-42-000140,65.21739130434783,73.91304347826087,23
baseline-5000-e7,sir0_val-42-000142,41.37931034482759,48.275862068965516,29
baseline-5000-e7,sir0_val-42-000144,48.83720930232558,44.18604651162791,43
baseline-5000-e7,sir0_val-42-000145,45.714285714285715,100.0,35
baseline-5000-e7,sir0_val-42-000146,50.0,54.76190476190476,42
baseline-5000-e7,sir0_val-42-000148,34.78260869565217,15.217391304347826,46
baseline-5000-e7,sir0_val-42-000150,60.416666666666664,37.5,48
baseline-5000-e7,sir0_val-42-000151,16.666666666666668,38.888888888888886,54
baseline-5000-e7,sir0_val-42-000152,0.0,0.0,22
baseline-5000-e7,sir0_val-42-000153,81.25,87.5,32
baseline-5000-e7,sir0_val-42-000157,134.14634146341464,119.51219512195122,41
baseline-5000-e7,sir0_val-42-000158,73.91304347826087,78.26086956521739,23
baseline-5000-e7,sir0_val-42-000162,112.5,100.0,24
baseline-5000-e7,sir0_val-42-000163,0.0,12.0,25
baseline-5000-e7,sir0_val-42-000164,212.5,137.5,16
baseline-5000-e7,sir0_val-42-000166,7.894736842105263,15.789473684210526,38
baseline-5000-e7,sir0_val-42-000169,0.0,29.032258064516128,31
baseline-5000-e7,sir0_val-42-000172,37.2093023255814,23.25581395348837,43
baseline-5000-e7,sir0_val-42-000176,0.0,9.523809523809524,21
baseline-5000-e7,sir0_val-42-000178,17.391304347826086,0.0,23
baseline-5000-e7,sir0_val-42-000179,36.36363636363637,60.60606060606061,33
baseline-5000-e7,sir0_val-42-000180,110.34482758620689,96.55172413793103,29
baseline-5000-e7,sir0_val-42-000182,22.22222222222222,64.81481481481481,54
baseline-5000-e7,sir0_val-42-000185,2.6315789473684212,0.0,38
baseline-5000-e7,sir0_val-42-000187,35.714285714285715,35.714285714285715,28
baseline-5000-e7,sir0_val-42-000188,82.3529411764706,94.11764705882354,17
baseline-5000-e7,sir0_val-42-000189,200.0,200.0,13
baseline-5000-e7,sir0_val-42-000190,37.83783783783784,43.24324324324324,37
baseline-5000-e7,sir0_val-42-000192,24.0,28.0,25
baseline-5000-e7,sir0_val-42-000194,4.3478260869565215,17.391304347826086,23
baseline-5000-e7,sir0_val-42-000195,83.33333333333333,91.66666666666667,24
baseline-5000-e7,sir0_val-42-000198,5.0,10.0,40
wesep,sir0_val-42-000002,0.0,2.857142857142857,35
wesep,sir0_val-42-000004,88.0,86.0,50
wesep,sir0_val-42-000005,56.09756097560975,26.829268292682926,41
wesep,sir0_val-42-000008,4.878048780487805,12.195121951219512,41
wesep,sir0_val-42-000010,12.5,12.5,32
wesep,sir0_val-42-000011,71.42857142857143,80.95238095238095,21
wesep,sir0_val-42-000012,181.8181818181818,245.45454545454547,11
wesep,sir0_val-42-000014,0.0,3.225806451612903,31
wesep,sir0_val-42-000015,20.0,20.0,25
wesep,sir0_val-42-000019,9.090909090909092,100.0,44
wesep,sir0_val-42-000021,13.333333333333334,46.666666666666664,30
wesep,sir0_val-42-000023,0.0,35.714285714285715,14
wesep,sir0_val-42-000024,6.896551724137931,6.896551724137931,29
wesep,sir0_val-42-000027,80.0,90.0,20
wesep,sir0_val-42-000028,74.07407407407408,48.148148148148145,27
wesep,sir0_val-42-000029,46.15384615384615,56.41025641025641,39
wesep,sir0_val-42-000031,4.3478260869565215,15.217391304347826,46
wesep,sir0_val-42-000032,95.83333333333333,79.16666666666667,24
wesep,sir0_val-42-000035,2.6315789473684212,7.894736842105263,38
wesep,sir0_val-42-000037,3.225806451612903,35.483870967741936,31
wesep,sir0_val-42-000041,0.0,0.0,25
wesep,sir0_val-42-000045,0.0,3.5714285714285716,28
wesep,sir0_val-42-000046,0.0,17.391304347826086,23
wesep,sir0_val-42-000048,200.0,175.0,8
wesep,sir0_val-42-000050,2.9411764705882355,17.647058823529413,34
wesep,sir0_val-42-000051,37.2093023255814,9.30232558139535,43
wesep,sir0_val-42-000053,13.333333333333334,173.33333333333334,15
wesep,sir0_val-42-000054,5.405405405405405,5.405405405405405,37
wesep,sir0_val-42-000055,21.21212121212121,21.21212121212121,33
wesep,sir0_val-42-000057,72.72727272727273,72.72727272727273,33
wesep,sir0_val-42-000058,29.41176470588235,14.705882352941176,34
wesep,sir0_val-42-000061,26.470588235294116,58.8235294117647,34
wesep,sir0_val-42-000062,2.0,8.0,50
wesep,sir0_val-42-000063,7.407407407407407,3.7037037037037037,27
wesep,sir0_val-42-000065,6.666666666666667,10.0,30
wesep,sir0_val-42-000067,10.344827586206897,22.413793103448278,58
wesep,sir0_val-42-000068,0.0,21.73913043478261,23
wesep,sir0_val-42-000070,2.380952380952381,7.142857142857143,42
wesep,sir0_val-42-000071,20.0,25.0,20
wesep,sir0_val-42-000073,23.25581395348837,41.86046511627907,43
wesep,sir0_val-42-000077,0.0,8.571428571428571,35
wesep,sir0_val-42-000078,0.0,10.256410256410257,39
wesep,sir0_val-42-000080,53.84615384615385,58.97435897435897,39
wesep,sir0_val-42-000085,34.21052631578947,23.68421052631579,38
wesep,sir0_val-42-000086,93.33333333333333,203.33333333333334,30
wesep,sir0_val-42-000089,1.8867924528301887,7.547169811320755,53
wesep,sir0_val-42-000090,0.0,20.0,35
wesep,sir0_val-42-000091,2.272727272727273,15.909090909090908,44
wesep,sir0_val-42-000092,2.7777777777777777,13.88888888888889,36
wesep,sir0_val-42-000097,25.0,39.285714285714285,28
wesep,sir0_val-42-000098,1.8181818181818181,20.0,55
wesep,sir0_val-42-000102,0.0,5.882352941176471,34
wesep,sir0_val-42-000105,14.545454545454545,20.0,55
wesep,sir0_val-42-000107,10.869565217391305,26.08695652173913,46
wesep,sir0_val-42-000109,7.142857142857143,35.714285714285715,28
wesep,sir0_val-42-000111,35.294117647058826,85.29411764705883,34
wesep,sir0_val-42-000112,2.7777777777777777,8.333333333333334,36
wesep,sir0_val-42-000113,4.651162790697675,4.651162790697675,43
wesep,sir0_val-42-000116,27.272727272727273,93.93939393939394,33
wesep,sir0_val-42-000119,0.0,1.6129032258064515,62
wesep,sir0_val-42-000123,6.451612903225806,9.67741935483871,31
wesep,sir0_val-42-000127,0.0,7.142857142857143,28
wesep,sir0_val-42-000128,83.87096774193549,29.032258064516128,31
wesep,sir0_val-42-000129,3.4482758620689653,6.896551724137931,29
wesep,sir0_val-42-000130,73.33333333333333,100.0,15
wesep,sir0_val-42-000133,108.69565217391305,73.91304347826087,23
wesep,sir0_val-42-000134,48.275862068965516,36.206896551724135,58
wesep,sir0_val-42-000135,62.96296296296296,51.851851851851855,27
wesep,sir0_val-42-000137,6.382978723404255,17.02127659574468,47
wesep,sir0_val-42-000138,56.75675675675676,97.29729729729729,37
wesep,sir0_val-42-000139,72.22222222222223,44.44444444444444,18
wesep,sir0_val-42-000140,69.56521739130434,8.695652173913043,23
wesep,sir0_val-42-000142,0.0,31.03448275862069,29
wesep,sir0_val-42-000144,37.2093023255814,46.51162790697674,43
wesep,sir0_val-42-000145,25.714285714285715,22.857142857142858,35
wesep,sir0_val-42-000146,50.0,54.76190476190476,42
wesep,sir0_val-42-000148,0.0,10.869565217391305,46
wesep,sir0_val-42-000150,31.25,97.91666666666667,48
wesep,sir0_val-42-000151,24.074074074074073,24.074074074074073,54
wesep,sir0_val-42-000152,0.0,4.545454545454546,22
wesep,sir0_val-42-000153,93.75,90.625,32
wesep,sir0_val-42-000157,19.51219512195122,17.073170731707318,41
wesep,sir0_val-42-000158,73.91304347826087,78.26086956521739,23
wesep,sir0_val-42-000162,112.5,79.16666666666667,24
wesep,sir0_val-42-000163,4.0,16.0,25
wesep,sir0_val-42-000164,56.25,56.25,16
wesep,sir0_val-42-000166,15.789473684210526,31.57894736842105,38
wesep,sir0_val-42-000169,16.129032258064516,25.806451612903224,31
wesep,sir0_val-42-000172,0.0,4.651162790697675,43
wesep,sir0_val-42-000176,138.0952380952381,80.95238095238095,21
wesep,sir0_val-42-000178,0.0,0.0,23
wesep,sir0_val-42-000179,60.60606060606061,54.54545454545455,33
wesep,sir0_val-42-000180,51.724137931034484,96.55172413793103,29
wesep,sir0_val-42-000182,33.333333333333336,33.333333333333336,54
wesep,sir0_val-42-000185,10.526315789473685,13.157894736842104,38
wesep,sir0_val-42-000187,28.571428571428573,28.571428571428573,28
wesep,sir0_val-42-000188,0.0,0.0,17
wesep,sir0_val-42-000189,176.92307692307693,0.0,13
wesep,sir0_val-42-000190,35.13513513513514,43.24324324324324,37
wesep,sir0_val-42-000192,8.0,44.0,25
wesep,sir0_val-42-000194,21.73913043478261,39.130434782608695,23
wesep,sir0_val-42-000195,0.0,8.333333333333334,24
wesep,sir0_val-42-000198,2.5,7.5,40
baseline-10000-e6,sir0_val-42-000002,128.57142857142858,145.71428571428572,35
baseline-10000-e6,sir0_val-42-000004,68.0,52.0,50
baseline-10000-e6,sir0_val-42-000005,82.92682926829268,70.73170731707317,41
baseline-10000-e6,sir0_val-42-000008,56.09756097560975,100.0,41
baseline-10000-e6,sir0_val-42-000010,90.625,65.625,32
baseline-10000-e6,sir0_val-42-000011,61.904761904761905,90.47619047619048,21
baseline-10000-e6,sir0_val-42-000012,254.54545454545453,300.0,11
baseline-10000-e6,sir0_val-42-000014,3.225806451612903,6.451612903225806,31
baseline-10000-e6,sir0_val-42-000015,148.0,108.0,25
baseline-10000-e6,sir0_val-42-000019,29.545454545454547,27.272727272727273,44
baseline-10000-e6,sir0_val-42-000021,33.333333333333336,3.3333333333333335,30
baseline-10000-e6,sir0_val-42-000023,64.28571428571429,64.28571428571429,14
baseline-10000-e6,sir0_val-42-000024,117.24137931034483,20.689655172413794,29
baseline-10000-e6,sir0_val-42-000027,165.0,220.0,20
baseline-10000-e6,sir0_val-42-000028,3.7037037037037037,25.925925925925927,27
baseline-10000-e6,sir0_val-42-000029,48.717948717948715,46.15384615384615,39
baseline-10000-e6,sir0_val-42-000031,73.91304347826087,76.08695652173913,46
baseline-10000-e6,sir0_val-42-000032,29.166666666666668,33.333333333333336,24
baseline-10000-e6,sir0_val-42-000035,71.05263157894737,7.894736842105263,38
baseline-10000-e6,sir0_val-42-000037,25.806451612903224,16.129032258064516,31
baseline-10000-e6,sir0_val-42-000041,0.0,4.0,25
baseline-10000-e6,sir0_val-42-000045,0.0,0.0,28
baseline-10000-e6,sir0_val-42-000046,0.0,0.0,23
baseline-10000-e6,sir0_val-42-000048,150.0,200.0,8
baseline-10000-e6,sir0_val-42-000050,105.88235294117646,26.470588235294116,34
baseline-10000-e6,sir0_val-42-000051,132.5581395348837,172.09302325581396,43
baseline-10000-e6,sir0_val-42-000053,106.66666666666667,133.33333333333334,15
baseline-10000-e6,sir0_val-42-000054,97.29729729729729,97.29729729729729,37
baseline-10000-e6,sir0_val-42-000055,51.515151515151516,24.242424242424242,33
baseline-10000-e6,sir0_val-42-000057,124.24242424242425,124.24242424242425,33
baseline-10000-e6,sir0_val-42-000058,0.0,88.23529411764706,34
baseline-10000-e6,sir0_val-42-000061,47.05882352941177,55.88235294117647,34
baseline-10000-e6,sir0_val-42-000062,4.0,2.0,50
baseline-10000-e6,sir0_val-42-000063,11.11111111111111,18.51851851851852,27
baseline-10000-e6,sir0_val-42-000065,0.0,10.0,30
baseline-10000-e6,sir0_val-42-000067,131.0344827586207,84.48275862068965,58
baseline-10000-e6,sir0_val-42-000068,17.391304347826086,8.695652173913043,23
baseline-10000-e6,sir0_val-42-000070,78.57142857142857,64.28571428571429,42
baseline-10000-e6,sir0_val-42-000071,110.0,95.0,20
baseline-10000-e6,sir0_val-42-000073,62.7906976744186,100.0,43
baseline-10000-e6,sir0_val-42-000077,94.28571428571429,88.57142857142857,35
baseline-10000-e6,sir0_val-42-000078,33.333333333333336,7.6923076923076925,39
baseline-10000-e6,sir0_val-42-000080,97.43589743589743,69.23076923076923,39
baseline-10000-e6,sir0_val-42-000085,55.26315789473684,55.26315789473684,38
baseline-10000-e6,sir0_val-42-000086,70.0,96.66666666666667,30
baseline-10000-e6,sir0_val-42-000089,7.547169811320755,30.18867924528302,53
baseline-10000-e6,sir0_val-42-000090,105.71428571428571,102.85714285714286,35
baseline-10000-e6,sir0_val-42-000091,111.36363636363636,109.0909090909091,44
baseline-10000-e6,sir0_val-42-000092,2.7777777777777777,8.333333333333334,36
baseline-10000-e6,sir0_val-42-000097,85.71428571428571,35.714285714285715,28
baseline-10000-e6,sir0_val-42-000098,5.454545454545454,21.818181818181817,55
baseline-10000-e6,sir0_val-42-000102,120.58823529411765,114.70588235294117,34
baseline-10000-e6,sir0_val-42-000105,21.818181818181817,21.818181818181817,55
baseline-10000-e6,sir0_val-42-000107,30.434782608695652,50.0,46
baseline-10000-e6,sir0_val-42-000109,14.285714285714286,42.857142857142854,28
baseline-10000-e6,sir0_val-42-000111,38.23529411764706,82.3529411764706,34
baseline-10000-e6,sir0_val-42-000112,2.7777777777777777,11.11111111111111,36
baseline-10000-e6,sir0_val-42-000113,2.3255813953488373,2.3255813953488373,43
baseline-10000-e6,sir0_val-42-000116,18.181818181818183,96.96969696969697,33
baseline-10000-e6,sir0_val-42-000119,50.0,62.903225806451616,62
baseline-10000-e6,sir0_val-42-000123,35.483870967741936,9.67741935483871,31
baseline-10000-e6,sir0_val-42-000127,0.0,7.142857142857143,28
baseline-10000-e6,sir0_val-42-000128,100.0,25.806451612903224,31
baseline-10000-e6,sir0_val-42-000129,10.344827586206897,96.55172413793103,29
baseline-10000-e6,sir0_val-42-000130,280.0,280.0,15
baseline-10000-e6,sir0_val-42-000133,82.6086956521739,160.8695652173913,23
baseline-10000-e6,sir0_val-42-000134,96.55172413793103,74.13793103448276,58
baseline-10000-e6,sir0_val-42-000135,129.62962962962962,140.74074074074073,27
baseline-10000-e6,sir0_val-42-000137,19.148936170212767,23.404255319148938,47
baseline-10000-e6,sir0_val-42-000138,97.29729729729729,97.29729729729729,37
baseline-10000-e6,sir0_val-42-000139,227.77777777777777,177.77777777777777,18
baseline-10000-e6,sir0_val-42-000140,52.17391304347826,95.65217391304348,23
baseline-10000-e6,sir0_val-42-000142,41.37931034482759,48.275862068965516,29
baseline-10000-e6,sir0_val-42-000144,46.51162790697674,55.81395348837209,43
baseline-10000-e6,sir0_val-42-000145,28.571428571428573,48.57142857142857,35
baseline-10000-e6,sir0_val-42-000146,52.38095238095238,54.76190476190476,42
baseline-10000-e6,sir0_val-42-000148,2.1739130434782608,56.52173913043478,46
baseline-10000-e6,sir0_val-42-000150,64.58333333333333,39.583333333333336,48
baseline-10000-e6,sir0_val-42-000151,12.962962962962964,31.48148148148148,54
baseline-10000-e6,sir0_val-42-000152,0.0,0.0,22
baseline-10000-e6,sir0_val-42-000153,43.75,87.5,32
baseline-10000-e6,sir0_val-42-000157,36.58536585365854,126.82926829268293,41
baseline-10000-e6,sir0_val-42-000158,73.91304347826087,78.26086956521739,23
baseline-10000-e6,sir0_val-42-000162,91.66666666666667,100.0,24
baseline-10000-e6,sir0_val-42-000163,0.0,12.0,25
baseline-10000-e6,sir0_val-42-000164,181.25,225.0,16
baseline-10000-e6,sir0_val-42-000166,5.2631578947368425,7.894736842105263,38
baseline-10000-e6,sir0_val-42-000169,0.0,35.483870967741936,31
baseline-10000-e6,sir0_val-42-000172,0.0,16.27906976744186,43
baseline-10000-e6,sir0_val-42-000176,0.0,4.761904761904762,21
baseline-10000-e6,sir0_val-42-000178,8.695652173913043,73.91304347826087,23
baseline-10000-e6,sir0_val-42-000179,100.0,66.66666666666667,33
baseline-10000-e6,sir0_val-42-000180,120.6896551724138,96.55172413793103,29
baseline-10000-e6,sir0_val-42-000182,79.62962962962963,64.81481481481481,54
baseline-10000-e6,sir0_val-42-000185,7.894736842105263,7.894736842105263,38
baseline-10000-e6,sir0_val-42-000187,32.142857142857146,32.142857142857146,28
baseline-10000-e6,sir0_val-42-000188,94.11764705882354,0.0,17
baseline-10000-e6,sir0_val-42-000189,200.0,223.07692307692307,13
baseline-10000-e6,sir0_val-42-000190,37.83783783783784,43.24324324324324,37
baseline-10000-e6,sir0_val-42-000192,32.0,20.0,25
baseline-10000-e6,sir0_val-42-000194,8.695652173913043,13.043478260869565,23
baseline-10000-e6,sir0_val-42-000195,70.83333333333333,95.83333333333333,24
baseline-10000-e6,sir0_val-42-000198,2.5,10.0,40
struct-e12,sir0_val-42-000002,114.28571428571429,105.71428571428571,35
struct-e12,sir0_val-42-000004,62.0,34.0,50
struct-e12,sir0_val-42-000005,53.65853658536585,73.17073170731707,41
struct-e12,sir0_val-42-000008,53.65853658536585,100.0,41
struct-e12,sir0_val-42-000010,90.625,43.75,32
struct-e12,sir0_val-42-000011,128.57142857142858,100.0,21
struct-e12,sir0_val-42-000012,281.8181818181818,236.36363636363637,11
struct-e12,sir0_val-42-000014,32.25806451612903,9.67741935483871,31
struct-e12,sir0_val-42-000015,144.0,88.0,25
struct-e12,sir0_val-42-000019,34.09090909090909,27.272727272727273,44
struct-e12,sir0_val-42-000021,0.0,0.0,30
struct-e12,sir0_val-42-000023,57.142857142857146,71.42857142857143,14
struct-e12,sir0_val-42-000024,100.0,48.275862068965516,29
struct-e12,sir0_val-42-000027,220.0,240.0,20
struct-e12,sir0_val-42-000028,3.7037037037037037,18.51851851851852,27
struct-e12,sir0_val-42-000029,46.15384615384615,48.717948717948715,39
struct-e12,sir0_val-42-000031,78.26086956521739,76.08695652173913,46
struct-e12,sir0_val-42-000032,37.5,45.833333333333336,24
struct-e12,sir0_val-42-000035,63.1578947368421,21.05263157894737,38
struct-e12,sir0_val-42-000037,12.903225806451612,19.35483870967742,31
struct-e12,sir0_val-42-000041,0.0,4.0,25
struct-e12,sir0_val-42-000045,0.0,0.0,28
struct-e12,sir0_val-42-000046,0.0,0.0,23
struct-e12,sir0_val-42-000048,225.0,137.5,8
struct-e12,sir0_val-42-000050,17.647058823529413,20.58823529411765,34
struct-e12,sir0_val-42-000051,132.5581395348837,41.86046511627907,43
struct-e12,sir0_val-42-000053,113.33333333333333,126.66666666666667,15
struct-e12,sir0_val-42-000054,13.513513513513514,43.24324324324324,37
struct-e12,sir0_val-42-000055,75.75757575757575,63.63636363636363,33
struct-e12,sir0_val-42-000057,124.24242424242425,124.24242424242425,33
struct-e12,sir0_val-42-000058,44.11764705882353,88.23529411764706,34
struct-e12,sir0_val-42-000061,70.58823529411765,76.47058823529412,34
struct-e12,sir0_val-42-000062,2.0,24.0,50
struct-e12,sir0_val-42-000063,11.11111111111111,18.51851851851852,27
struct-e12,sir0_val-42-000065,0.0,10.0,30
struct-e12,sir0_val-42-000067,34.48275862068966,74.13793103448276,58
struct-e12,sir0_val-42-000068,91.30434782608695,8.695652173913043,23
struct-e12,sir0_val-42-000070,80.95238095238095,57.142857142857146,42
struct-e12,sir0_val-42-000071,85.0,85.0,20
struct-e12,sir0_val-42-000073,95.34883720930233,83.72093023255815,43
struct-e12,sir0_val-42-000077,57.142857142857146,14.285714285714286,35
struct-e12,sir0_val-42-000078,2.5641025641025643,10.256410256410257,39
struct-e12,sir0_val-42-000080,89.74358974358974,89.74358974358974,39
struct-e12,sir0_val-42-000085,52.63157894736842,52.63157894736842,38
struct-e12,sir0_val-42-000086,70.0,93.33333333333333,30
struct-e12,sir0_val-42-000089,7.547169811320755,28.30188679245283,53
struct-e12,sir0_val-42-000090,97.14285714285714,100.0,35
struct-e12,sir0_val-42-000091,111.36363636363636,113.63636363636364,44
struct-e12,sir0_val-42-000092,0.0,8.333333333333334,36
struct-e12,sir0_val-42-000097,89.28571428571429,100.0,28
struct-e12,sir0_val-42-000098,12.727272727272727,23.636363636363637,55
struct-e12,sir0_val-42-000102,14.705882352941176,29.41176470588235,34
struct-e12,sir0_val-42-000105,29.09090909090909,23.636363636363637,55
struct-e12,sir0_val-42-000107,23.91304347826087,34.78260869565217,46
struct-e12,sir0_val-42-000109,17.857142857142858,71.42857142857143,28
struct-e12,sir0_val-42-000111,97.05882352941177,97.05882352941177,34
struct-e12,sir0_val-42-000112,47.22222222222222,25.0,36
struct-e12,sir0_val-42-000113,2.3255813953488373,4.651162790697675,43
struct-e12,sir0_val-42-000116,51.515151515151516,96.96969696969697,33
struct-e12,sir0_val-42-000119,79.03225806451613,153.2258064516129,62
struct-e12,sir0_val-42-000123,51.61290322580645,32.25806451612903,31
struct-e12,sir0_val-42-000127,0.0,7.142857142857143,28
struct-e12,sir0_val-42-000128,80.64516129032258,29.032258064516128,31
struct-e12,sir0_val-42-000129,37.93103448275862,65.51724137931035,29
struct-e12,sir0_val-42-000130,300.0,333.3333333333333,15
struct-e12,sir0_val-42-000133,104.34782608695652,134.7826086956522,23
struct-e12,sir0_val-42-000134,96.55172413793103,74.13793103448276,58
struct-e12,sir0_val-42-000135,133.33333333333334,114.81481481481481,27
struct-e12,sir0_val-42-000137,19.148936170212767,23.404255319148938,47
struct-e12,sir0_val-42-000138,51.351351351351354,97.29729729729729,37
struct-e12,sir0_val-42-000139,211.11111111111111,61.111111111111114,18
struct-e12,sir0_val-42-000140,56.52173913043478,69.56521739130434,23
struct-e12,sir0_val-42-000142,41.37931034482759,48.275862068965516,29
struct-e12,sir0_val-42-000144,44.18604651162791,39.53488372093023,43
struct-e12,sir0_val-42-000145,17.142857142857142,54.285714285714285,35
struct-e12,sir0_val-42-000146,76.19047619047619,54.76190476190476,42
struct-e12,sir0_val-42-000148,17.391304347826086,32.608695652173914,46
struct-e12,sir0_val-42-000150,64.58333333333333,43.75,48
struct-e12,sir0_val-42-000151,40.74074074074074,25.925925925925927,54
struct-e12,sir0_val-42-000152,0.0,9.090909090909092,22
struct-e12,sir0_val-42-000153,84.375,87.5,32
struct-e12,sir0_val-42-000157,134.14634146341464,104.8780487804878,41
struct-e12,sir0_val-42-000158,86.95652173913044,78.26086956521739,23
struct-e12,sir0_val-42-000162,75.0,100.0,24
struct-e12,sir0_val-42-000163,0.0,12.0,25
struct-e12,sir0_val-42-000164,200.0,212.5,16
struct-e12,sir0_val-42-000166,2.6315789473684212,13.157894736842104,38
struct-e12,sir0_val-42-000169,0.0,29.032258064516128,31
struct-e12,sir0_val-42-000172,6.976744186046512,11.627906976744185,43
struct-e12,sir0_val-42-000176,0.0,0.0,21
struct-e12,sir0_val-42-000178,0.0,30.434782608695652,23
struct-e12,sir0_val-42-000179,66.66666666666667,66.66666666666667,33
struct-e12,sir0_val-42-000180,120.6896551724138,158.6206896551724,29
struct-e12,sir0_val-42-000182,22.22222222222222,61.111111111111114,54
struct-e12,sir0_val-42-000185,5.2631578947368425,13.157894736842104,38
struct-e12,sir0_val-42-000187,32.142857142857146,35.714285714285715,28
struct-e12,sir0_val-42-000188,94.11764705882354,0.0,17
struct-e12,sir0_val-42-000189,200.0,207.69230769230768,13
struct-e12,sir0_val-42-000190,37.83783783783784,43.24324324324324,37
struct-e12,sir0_val-42-000192,12.0,32.0,25
struct-e12,sir0_val-42-000194,60.869565217391305,39.130434782608695,23
struct-e12,sir0_val-42-000195,58.333333333333336,70.83333333333333,24
struct-e12,sir0_val-42-000198,15.0,10.0,40
